Nome,Descrição,Perguntas Frequentes,Como Implementar,Documentação Fictícia
InnovaCRM,"Ferramenta de Gestão de Relacionamento com o Cliente","Quais recursos estão incluídos? Quão segura é a base de dados?","Instalar software no servidor, configurar funções de usuário, importar contatos","https://innova.tech/docs/crm"
TaskMaster Pro,"Gestão de Projetos e Rastreamento de Tarefas","Como eu crio um novo projeto? Pode integrar com outras ferramentas?","Configurar espaços de projeto, definir tarefas, atribuir membros da equipe","https://innova.tech/docs/taskmaster"
SalesBoost,"Software de Gestão de Funil de Vendas e Leads","Como ajuda no rastreamento de leads? É personalizável?","Configurar estágios de vendas, importar leads, configurar alertas","https://innova.tech/docs/salesboost"
MarketGenius,"Ferramenta de Análise de Mercado e Análise Preditiva","Quão precisas são as previsões? Quais fontes de dados ele utiliza?","Conectar fontes de dados, configurar modelos analíticos, gerar relatórios","https://innova.tech/docs/marketgenius"
FinanceWiz,"Software de Gestão Financeira e Orçamentária","Suporta múltiplas moedas? Pode gerar relatórios financeiros?","Definir períodos financeiros, configurar orçamentos, conectar contas bancárias","https://innova.tech/docs/financewiz"
HRFlow,"Sistema de Gestão de Recursos Humanos","Como posso rastrear o desempenho dos funcionários? Suporta folha de pagamento?","Configurar perfis de funcionários, configurar folha de pagamento, rastrear benefícios","https://innova.tech/docs/hrflow"
InventoryGuard,"Gestão e Rastreamento de Inventário","Pode rastrear níveis de inventário em tempo real? Como configurar alertas para estoque baixo?","Importar dados de inventário, configurar níveis de alerta, integrar com vendas","https://innova.tech/docs/inventoryguard"
SupportHero,"Sistema de Suporte ao Cliente e Ticketing","Os clientes podem criar tickets? Como posso atribuir tickets aos agentes?","Configurar portal de suporte, definir regras de SLA, treinar agentes","https://innova.tech/docs/supporthero"
DevOpsMaster,"Ferramenta de Pipeline DevOps e CI/CD","Como configurar um pipeline de CI/CD? Pode ser integrado com o GitHub?","Definir estágios do pipeline, conectar repositórios, automatizar implantações","https://innova.tech/docs/devopsmaster"
SocialSync,"Gestão e Agendamento de Redes Sociais","As postagens podem ser agendadas com antecedência? Como analisar o desempenho nas redes sociais?","Conectar contas sociais, agendar postagens, revisar análises","https://innova.tech/docs/socialsync"
TechDocs,"Ferramenta de Gestão e Colaboração em Documentação","Como posso criar um novo documento? Posso colaborar com membros da equipe?","Criar e organizar documentos, definir permissões, iniciar colaboração","https://innova.tech/docs/techdocs"
QualityCheck,"Gestão de Garantia de Qualidade e Testes","Quais tipos de testes são suportados? Como posso rastrear relatórios de defeitos?","Definir casos de teste, executar testes, registrar defeitos","https://innova.tech/docs/qualitycheck"
Engage360,"Engajamento de Clientes e Automação de Marketing","Como criar uma campanha automatizada? Como rastrear respostas de clientes?","Configurar campanhas, definir gatilhos, monitorar engajamento","https://innova.tech/docs/engage360"
SecureVault,"Ferramenta de Segurança de Dados e Criptografia","Quão segura está minha base de dados? Posso definir níveis de acesso diferentes?","Instalar software de segurança, configurar configurações de criptografia, gerir acesso","https://innova.tech/docs/securevault"
InnovAnalytics,"Ferramenta de Inteligência de Negócios e Relatórios","Pode gerar relatórios personalizados? Quais fontes de dados podem ser integradas?","Conectar armazéns de dados, definir parâmetros de relatório, agendar relatórios","https://innova.tech/docs/innovanalytics"
CloudNavigator,"Gestão de Recursos na Nuvem e Otimização de Custos","Como reduz os custos na nuvem? Quais provedores de nuvem são suportados?","Conectar contas na nuvem, rastrear uso, otimizar recursos","https://innova.tech/docs/cloudnavigator"
InnovadataHub,"Plataforma Centralizada de Armazenamento e Gestão de Dados","Quão seguro é o armazenamento de dados? Pode lidar com grandes conjuntos de dados?","Configurar hubs de dados, definir políticas de armazenamento, conectar fontes de dados","https://innova.tech/docs/innovadatahub"
WorkflowEngine,"Automatização de Processos de Negócio e Gestão de Fluxo de Trabalho","Como crio um fluxo de trabalho? Pode ser integrado com sistemas existentes?","Definir fluxos de trabalho, configurar regras de automação, integrar com outras ferramentas","https://innova.tech/docs/workflowengine"
EventTracker,"Ferramenta de Monitoramento e Gestão de Eventos em Tempo Real","Como posso monitorar eventos em tempo real? Quais tipos de alertas estão disponíveis?","Conectar fontes de eventos, definir parâmetros de monitoramento, configurar alertas","https://innova.tech/docs/eventtracker"
InnovPortal,"Portal Intranet Personalizável para Empresas","Posso personalizar o layout do portal? Como adicionar novos usuários?","Configurar estrutura do portal, personalizar layout, adicionar funções de usuário","https://innova.tech/docs/innovportal"
PerformancePro,"Rastreamento e Gestão de Desempenho de Funcionários","Como definir metas de desempenho? Os gerentes podem realizar avaliações?","Definir critérios de desempenho, definir metas, agendar avaliações","https://innova.tech/docs/performancepro"
InnovaChat,"Plataforma de Comunicação e Colaboração para Equipes","Pode ser integrado com email? O conteúdo do chat é pesquisável?","Configurar canais de chat, definir funções de usuário, integrar com email","https://innova.tech/docs/innovachat"
InnovFlow,"Ferramenta de Gestão de Tarefas e Fluxo de Trabalho Automatizado","Como posso automatizar tarefas? Pode lidar com fluxos de trabalho complexos?","Definir fluxos de trabalho, configurar regras de automação, integrar com outras ferramentas","https://innova.tech/docs/innovaflow"
InnovVault,"Plataforma Segura de Armazenamento e Compartilhamento de Arquivos","Quão seguro é o armazenamento de arquivos? Posso definir permissões de acesso?","Criar espaços de armazenamento, definir permissões de acesso, compartilhar arquivos","https://innova.tech/docs/innovvault"
LearningNest,"Sistema de Gestão de Aprendizagem para Treinamento de Funcionários","Os funcionários podem rastrear seu progresso? Como criar novos cursos?","Definir caminhos de aprendizagem, criar materiais de treinamento, atribuir cursos","https://innova.tech/docs/learningnest"
TimeKeeper,"Sistema de Rastreamento de Tempo e Gestão de Atendimento","Como registrar entradas de tempo? Pode gerar relatórios de atendimento?","Configurar perfis de funcionários, definir regras de registro de tempo, gerar relatórios","https://innova.tech/docs/timekeeper"
PayMaster,"Gestão de Folha de Pagamento e Distribuição de Salários","Como lida com cálculos de impostos? Os funcionários podem acessar holerites online?","Configurar regras de folha de pagamento, definir configurações de impostos, distribuir salários","https://innova.tech/docs/paymaster"
InnovSurvey,"Ferramenta de Coleta de Pesquisa e Feedback","Como criar uma nova pesquisa? Posso analisar os resultados da pesquisa?","Definir modelos de pesquisa, distribuir pesquisas, analisar respostas","https://innova.tech/docs/innovsurvey"
RiskRadar,"Ferramenta de Gestão e Mitigação de Riscos","Como avalia os riscos? Posso criar planos de mitigação?","Identificar riscos, avaliar impacto, definir estratégias de mitigação","https://innova.tech/docs/riskradar"
InnovaSync,"Plataforma de Sincronização e Integração de Dados","Quais fontes de dados podem ser sincronizadas? Com que frequência sincroniza os dados?","Conectar fontes de dados, definir horários de sincronização, monitorar status da sincronização","https://innova.tech/docs/innovasync"